-- phpMyAdmin SQL Dump
-- version 5.0.1
-- https://www.phpmyadmin.net/
--
-- Host: 127.0.0.1
-- Generation Time: Jun 29, 2020 at 06:16 AM
-- Server version: 10.4.11-MariaDB
-- PHP Version: 7.4.2

SET SQL_MODE = "NO_AUTO_VALUE_ON_ZERO";
SET AUTOCOMMIT = 0;
START TRANSACTION;
SET time_zone = "+00:00";


/*!40101 SET @OLD_CHARACTER_SET_CLIENT=@@CHARACTER_SET_CLIENT */;
/*!40101 SET @OLD_CHARACTER_SET_RESULTS=@@CHARACTER_SET_RESULTS */;
/*!40101 SET @OLD_COLLATION_CONNECTION=@@COLLATION_CONNECTION */;
/*!40101 SET NAMES utf8mb4 */;

--
-- Database: `db_shop`
--

-- --------------------------------------------------------

--
-- Table structure for table `customer`
--

CREATE TABLE `customer` (
  `id` int(11) NOT NULL,
  `name` varchar(255) NOT NULL,
  `address` varchar(255) NOT NULL,
  `city` varchar(255) NOT NULL,
  `country` varchar(255) NOT NULL,
  `zipCode` varchar(255) NOT NULL,
  `phone` int(11) NOT NULL,
  `email` varchar(255) NOT NULL,
  `password` varchar(255) NOT NULL
) ENGINE=InnoDB DEFAULT CHARSET=utf8mb4;

--
-- Dumping data for table `customer`
--

INSERT INTO `customer` (`id`, `name`, `address`, `city`, `country`, `zipCode`, `phone`, `email`, `password`) VALUES
(1, 'Anowar Hossain Apurbo', 'Bhaluka, Mymensingh', 'Dhaka', 'Bangladesh', '2200', 1947552010, 'ahosien57@gmail.com', '340a1ecf86e9e86815e135fed00c2db6');

-- --------------------------------------------------------

--
-- Table structure for table `tbl_admin`
--

CREATE TABLE `tbl_admin` (
  `adminId` int(10) NOT NULL,
  `adminName` varchar(255) NOT NULL,
  `adminUser` varchar(255) NOT NULL,
  `adminEmail` varchar(255) NOT NULL,
  `adminPass` varchar(40) NOT NULL,
  `level` tinyint(4) NOT NULL
) ENGINE=InnoDB DEFAULT CHARSET=utf8mb4;

--
-- Dumping data for table `tbl_admin`
--

INSERT INTO `tbl_admin` (`adminId`, `adminName`, `adminUser`, `adminEmail`, `adminPass`, `level`) VALUES
(1, 'Anowar Hossain Apurbo', 'admin', 'admin@gmail.com', '123', 0);

-- --------------------------------------------------------

--
-- Table structure for table `tbl_brand`
--

CREATE TABLE `tbl_brand` (
  `brandId` int(10) NOT NULL,
  `brandName` varchar(255) NOT NULL
) ENGINE=InnoDB DEFAULT CHARSET=utf8mb4;

--
-- Dumping data for table `tbl_brand`
--

INSERT INTO `tbl_brand` (`brandId`, `brandName`) VALUES
(1, 'Iphone'),
(2, 'Samsung'),
(3, 'Acer'),
(4, 'Canon');

-- --------------------------------------------------------

--
-- Table structure for table `tbl_cart`
--

CREATE TABLE `tbl_cart` (
  `cartId` int(11) NOT NULL,
  `sId` varchar(255) NOT NULL,
  `productId` int(11) NOT NULL,
  `productName` varchar(255) NOT NULL,
  `price` float NOT NULL,
  `quantity` int(11) NOT NULL,
  `img` varchar(255) NOT NULL
) ENGINE=InnoDB DEFAULT CHARSET=utf8mb4;

-- --------------------------------------------------------

--
-- Table structure for table `tbl_category`
--

CREATE TABLE `tbl_category` (
  `catId` int(11) NOT NULL,
  `catName` varchar(255) NOT NULL
) ENGINE=InnoDB DEFAULT CHARSET=utf8mb4;

--
-- Dumping data for table `tbl_category`
--

INSERT INTO `tbl_category` (`catId`, `catName`) VALUES
(1, 'Mobile Phones'),
(2, 'Laptop'),
(3, 'Desktop'),
(4, 'Accessories'),
(5, 'Software'),
(6, 'Toys, Kids &amp; Babies'),
(7, 'Jewellery');

-- --------------------------------------------------------

--
-- Table structure for table `tbl_order`
--

CREATE TABLE `tbl_order` (
  `id` int(11) NOT NULL,
  `cmrId` int(11) NOT NULL,
  `productId` int(11) NOT NULL,
  `productName` varchar(255) NOT NULL,
  `price` int(11) NOT NULL,
  `quantity` int(11) NOT NULL,
  `img` varchar(255) NOT NULL,
  `date` datetime NOT NULL DEFAULT current_timestamp(),
  `status` int(11) NOT NULL DEFAULT 0
) ENGINE=InnoDB DEFAULT CHARSET=utf8mb4;

-- --------------------------------------------------------

--
-- Table structure for table `tbl_product`
--

CREATE TABLE `tbl_product` (
  `productId` int(10) NOT NULL,
  `productName` varchar(255) NOT NULL,
  `catId` int(11) NOT NULL,
  `brandId` int(11) NOT NULL,
  `body` text NOT NULL,
  `price` float NOT NULL,
  `img` varchar(255) NOT NULL,
  `type` tinyint(4) NOT NULL DEFAULT 0
) ENGINE=InnoDB DEFAULT CHARSET=utf8mb4;

--
-- Dumping data for table `tbl_product`
--

INSERT INTO `tbl_product` (`productId`, `productName`, `catId`, `brandId`, `body`, `price`, `img`, `type`) VALUES
(2, 'C C Camera', 5, 4, '&lt;p&gt;Update Lorem Ipsum is simply dummy text of the printing and typesetting industry. Lorem Ipsum has been the industry\'s standard dummy text ever since the 1500s, when an unknown printer took a galley of type and scrambled it to make a type specimen book. It has survived not only five centuries, but also the leap into electronic typesetting, remaining essentially unchanged.&lt;/p&gt;\r\n&lt;p&gt;Lorem Ipsum is simply dummy text of the printing and typesetting industry. Lorem Ipsum has been the industry\'s standard dummy text ever since the 1500s, when an unknown printer took a galley of type and scrambled it to make a type specimen book. It has survived not only five centuries, but also the leap into electronic typesetting, remaining essentially unchanged.&lt;/p&gt;', 450, 'upload/402f8d1a5b.jpg', 0),
(3, 'Sound Box', 4, 2, '&lt;p&gt;Lorem Ipsum is simply dummy text of the printing and typesetting industry. Lorem Ipsum has been the industry\'s standard dummy text ever since the 1500s, when an unknown printer took a galley of type and scrambled it to make a type specimen book. It has survived not only five centuries, but also the leap into electronic typesetting, remaining essentially unchanged.&lt;/p&gt;\r\n&lt;p&gt;Lorem Ipsum is simply dummy text of the printing and typesetting industry. Lorem Ipsum has been the industry\'s standard dummy text ever since the 1500s, when an unknown printer took a galley of type and scrambled it to make a type specimen book. It has survived not only five centuries, but also the leap into electronic typesetting, remaining essentially unchanged.&lt;/p&gt;', 320, 'upload/d8ed5f0c87.jpg', 0),
(4, 'LED', 4, 3, '&lt;p&gt;Lorem Ipsum is simply dummy text of the printing and typesetting industry. Lorem Ipsum has been the industry\'s standard dummy text ever since the 1500s, when an unknown printer took a galley of type and scrambled it to make a type specimen book. It has survived not only five centuries, but also the leap into electronic typesetting, remaining essentially unchanged.&lt;/p&gt;\r\n&lt;p&gt;Lorem Ipsum is simply dummy text of the printing and typesetting industry. Lorem Ipsum has been the industry\'s standard dummy text ever since the 1500s, when an unknown printer took a galley of type and scrambled it to make a type specimen book. It has survived not only five centuries, but also the leap into electronic typesetting, remaining essentially unchanged.&lt;/p&gt;', 700, 'upload/9222639084.jpg', 0),
(5, 'Blander 220x', 4, 2, '&lt;p&gt;Lorem Ipsum is simply dummy text of the printing and typesetting industry. Lorem Ipsum has been the industry\'s standard dummy text ever since the 1500s, when an unknown printer took a galley of type and scrambled it to make a type specimen book. It has survived not only five centuries, but also the leap into electronic typesetting, remaining essentially unchanged.&lt;/p&gt;\r\n&lt;p&gt;Lorem Ipsum is simply dummy text of the printing and typesetting industry. Lorem Ipsum has been the industry\'s standard dummy text ever since the 1500s, when an unknown printer took a galley of type and scrambled it to make a type specimen book. It has survived not only five centuries, but also the leap into electronic typesetting, remaining essentially unchanged.&lt;/p&gt;\r\n&lt;p&gt;Lorem Ipsum is simply dummy text of the printing and typesetting industry. Lorem Ipsum has been the industry\'s standard dummy text ever since the 1500s, when an unknown printer took a galley of type and scrambled it to make a type specimen book. It has survived not only five centuries, but also the leap into electronic typesetting, remaining essentially unchanged.&lt;/p&gt;\r\n&lt;p&gt;Lorem Ipsum is simply dummy text of the printing and typesetting industry. Lorem Ipsum has been the industry\'s standard dummy text ever since the 1500s, when an unknown printer took a galley of type and scrambled it to make a type specimen book. It has survived not only five centuries, but also the leap into electronic typesetting, remaining essentially unchanged.&lt;/p&gt;\r\n&lt;p&gt;Lorem Ipsum is simply dummy text of the printing and typesetting industry. Lorem Ipsum has been the industry\'s standard dummy text ever since the 1500s, when an unknown printer took a galley of type and scrambled it to make a type specimen book. It has survived not only five centuries, but also the leap into electronic typesetting, remaining essentially unchanged.&lt;/p&gt;\r\n&lt;p&gt;Lorem Ipsum is simply dummy text of the printing and typesetting industry. Lorem Ipsum has been the industry\'s standard dummy text ever since the 1500s, when an unknown printer took a galley of type and scrambled it to make a type specimen book. It has survived not only five centuries, but also the leap into electronic typesetting, remaining essentially unchanged.&lt;/p&gt;', 180, 'upload/df9ac26e94.jpg', 1),
(6, 'Acer New Product', 3, 3, '&lt;p&gt;Lorem ipsum dolor sit amet, sed do eiusmod...Lorem ipsum dolor sit amet, sed do eiusmod...Lorem ipsum dolor sit amet, sed do eiusmod.&lt;/p&gt;', 499, 'upload/1309eaf622.jpg', 1),
(7, 'Friz 32L', 4, 2, '&lt;p&gt;Lorem ipsum dolor sit amet, sed do eiusmod..Lorem ipsum dolor sit amet, sed do eiusmod..Lorem ipsum dolor sit amet, sed do eiusmod..Lorem ipsum dolor sit amet, sed do eiusmod.///Lorem ipsum dolor sit amet, sed do eiusmod.///Lorem ipsum dolor sit amet, sed do eiusmod.&lt;/p&gt;', 799, 'upload/504d072af2.png', 0),
(8, 'I Phone 6s Plus', 1, 1, '&lt;p&gt;I phone is On the best Brand in world. Lorem ipsum dolor sit amet, sed do eiusmod..Lorem ipsum dolor sit amet, sed do eiusmod..Lorem ipsum dolor sit amet, sed do eiusmod..Lorem ipsum dolor sit amet, sed do eiusmod.///Lorem ipsum dolor sit amet, sed do eiusmod.///Lorem ipsum dolor sit amet, sed do eiusmod&lt;/p&gt;', 1200, 'upload/a2e39ff7bc.png', 0),
(9, 'Canon 700D', 4, 4, '&lt;p&gt;scrambled it to make a type specimen book. It has survived not only five centuries, but also the leap into electronic typesetting, remaining essentially unchanged.&amp;lt;/p&amp;gt; &amp;lt;p&amp;gt;Lorem Ipsum is simply dummy text of the printing and typesetting industry. Lorem Ipsum has been the industry\'s standard dummy text ever since the 1500s, when an unknown printer took a galley of type and scrambled it to make a type specimen book. It has survived not only five centuries, but also the leap into electronic typesetting, remaining essentially unchanged.&amp;lt;/p&amp;gt; &amp;lt;p&amp;gt;Lorem Ipsum is simply dummy text of the printing and typesetting industry. Lorem Ipsum has been the industry\'s standard dummy text ever since the 1500s, when an unknown printer took a galley of type and scrambled it to make a type specimen book. It has survived not only five centuries, but also the leap into electronic typesetting, remaining essentially unchanged.&amp;lt;/p&amp;gt; &amp;lt;p&amp;gt;Lorem Ipsum is simply dummy text of the printing and typesetting industry. Lorem Ipsum has been the industry\'s standard dummy text ever since the 1500s, when an unknown printer took a galley of type and scrambled it to make a type specimen book. It has survived not only five centuries, but also the leap into electronic typesetting, remaining essentially unchanged.&amp;lt;/p&amp;gt; &amp;lt;p&amp;gt;Lorem Ipsum is simply dummy text of the printing and typesetting industry. Lorem Ipsum has been the industry\'s standard dummy text ever since the 1500s, when an unknown printer took a galley of type and scrambled it to make a type specimen book. It has survived not only five centuries, but also the leap into electronic typesetting, remaining essentially unchanged.&amp;lt;/p&amp;gt; &amp;lt;p&amp;gt;Lorem Ipsum is simply dummy text of the printing and typesetting industry. Lorem Ipsum has been the industry\'s standard dummy text ever since the 1500s, when an unknown printer took a galley of type and scrambled it to make a type specimen book. It has&lt;/p&gt;', 800, 'upload/59f8821f9e.png', 0);

--
-- Indexes for dumped tables
--

--
-- Indexes for table `customer`
--
ALTER TABLE `customer`
  ADD PRIMARY KEY (`id`);

--
-- Indexes for table `tbl_admin`
--
ALTER TABLE `tbl_admin`
  ADD PRIMARY KEY (`adminId`);

--
-- Indexes for table `tbl_brand`
--
ALTER TABLE `tbl_brand`
  ADD PRIMARY KEY (`brandId`);

--
-- Indexes for table `tbl_cart`
--
ALTER TABLE `tbl_cart`
  ADD PRIMARY KEY (`cartId`);

--
-- Indexes for table `tbl_category`
--
ALTER TABLE `tbl_category`
  ADD PRIMARY KEY (`catId`);

--
-- Indexes for table `tbl_order`
--
ALTER TABLE `tbl_order`
  ADD PRIMARY KEY (`id`);

--
-- Indexes for table `tbl_product`
--
ALTER TABLE `tbl_product`
  ADD PRIMARY KEY (`productId`);

--
-- AUTO_INCREMENT for dumped tables
--

--
-- AUTO_INCREMENT for table `customer`
--
ALTER TABLE `customer`
  MODIFY `id` int(11) NOT NULL AUTO_INCREMENT, AUTO_INCREMENT=2;

--
-- AUTO_INCREMENT for table `tbl_admin`
--
ALTER TABLE `tbl_admin`
  MODIFY `adminId` int(10) NOT NULL AUTO_INCREMENT, AUTO_INCREMENT=2;

--
-- AUTO_INCREMENT for table `tbl_brand`
--
ALTER TABLE `tbl_brand`
  MODIFY `brandId` int(10) NOT NULL AUTO_INCREMENT, AUTO_INCREMENT=5;

--
-- AUTO_INCREMENT for table `tbl_cart`
--
ALTER TABLE `tbl_cart`
  MODIFY `cartId` int(11) NOT NULL AUTO_INCREMENT, AUTO_INCREMENT=31;

--
-- AUTO_INCREMENT for table `tbl_category`
--
ALTER TABLE `tbl_category`
  MODIFY `catId` int(11) NOT NULL AUTO_INCREMENT, AUTO_INCREMENT=9;

--
-- AUTO_INCREMENT for table `tbl_order`
--
ALTER TABLE `tbl_order`
  MODIFY `id` int(11) NOT NULL AUTO_INCREMENT, AUTO_INCREMENT=12;

--
-- AUTO_INCREMENT for table `tbl_product`
--
ALTER TABLE `tbl_product`
  MODIFY `productId` int(10) NOT NULL AUTO_INCREMENT, AUTO_INCREMENT=10;
COMMIT;

/*!40101 SET CHARACTER_SET_CLIENT=@OLD_CHARACTER_SET_CLIENT */;
/*!40101 SET CHARACTER_SET_RESULTS=@OLD_CHARACTER_SET_RESULTS */;
/*!40101 SET COLLATION_CONNECTION=@OLD_COLLATION_CONNECTION */;
